Program Version:,EnergyPlus, Version 9.5.0-de239b2e5f, YMD=2021.07.16 14:32
Tabular Output Report in Format: ,Comma

Building:,Medium Office
Environment:,RUNPERIOD 1 ** Atlanta Hartsfield Intl Ap GA USA TMY3 WMO#=722190

----------------------------------------------------------------------------------------------------
REPORT:,Annual Building Utility Performance Summary
FOR:,Entire Facility
Values gathered over        48.00 hours
WARNING: THE REPORT DOES NOT REPRESENT A FULL ANNUAL SIMULATION.

Site and Source Energy

,,Total Energy [GJ],Energy Per Total Building Area [MJ/m2],Energy Per Conditioned Building Area [MJ/m2]
,Total Site Energy,49.07,9.85,9.85
,Net Site Energy,49.07,9.85,9.85
,Total Source Energy,68.16,13.68,13.68
,Net Source Energy,68.16,13.68,13.68


Site to Source Energy Conversion Factors

,,Site=>Source Conversion Factor
,Electricity,3.167
,Natural Gas,1.084
,District Cooling,1.056
,District Heating,3.613
,Steam,1.200
,Gasoline,1.050
,Diesel,1.050
,Coal,1.050
,Fuel Oil No 1,1.050
,Fuel Oil No 2,1.050
,Propane,1.050
,Other Fuel 1,1.000
,Other Fuel 2,1.000


Building Area

,,Area [m2]
,Total Building Area,4982.19
,Net Conditioned Building Area,4982.19
,Unconditioned Building Area,0.00


End Uses

,,Electricity [GJ],Natural Gas [GJ],Gasoline [GJ],Diesel [GJ],Coal [GJ],Fuel Oil No 1 [GJ],Fuel Oil No 2 [GJ],Propane [GJ],Other Fuel 1 [GJ],Other Fuel 2 [GJ],District Cooling [GJ],District Heating [GJ],Water [m3]
,Heating,0.00,0.00,0.00,0.00,0.00,0.00,0.00,0.00,0.00,0.00,0.00,0.22,0.00
,Cooling,0.00,0.00,0.00,0.00,0.00,0.00,0.00,0.00,0.00,0.00,41.37,0.00,0.00
,Interior Lighting,1.28,0.00,0.00,0.00,0.00,0.00,0.00,0.00,0.00,0.00,0.00,0.00,0.00
,Exterior Lighting,0.19,0.00,0.00,0.00,0.00,0.00,0.00,0.00,0.00,0.00,0.00,0.00,0.00
,Interior Equipment,3.40,0.00,0.00,0.00,0.00,0.00,0.00,0.00,0.00,0.00,0.00,0.00,0.00
,Exterior Equipment,0.00,0.00,0.00,0.00,0.00,0.00,0.00,0.00,0.00,0.00,0.00,0.00,0.00
,Fans,1.18,0.00,0.00,0.00,0.00,0.00,0.00,0.00,0.00,0.00,0.00,0.00,0.00
,Pumps,1.43,0.00,0.00,0.00,0.00,0.00,0.00,0.00,0.00,0.00,0.00,0.00,0.00
,Heat Rejection,0.00,0.00,0.00,0.00,0.00,0.00,0.00,0.00,0.00,0.00,0.00,0.00,0.00
,Humidification,0.00,0.00,0.00,0.00,0.00,0.00,0.00,0.00,0.00,0.00,0.00,0.00,0.00
,Heat Recovery,0.00,0.00,0.00,0.00,0.00,0.00,0.00,0.00,0.00,0.00,0.00,0.00,0.00
,Water Systems,0.00,0.00,0.00,0.00,0.00,0.00,0.00,0.00,0.00,0.00,0.00,0.00,0.00
,Refrigeration,0.00,0.00,0.00,0.00,0.00,0.00,0.00,0.00,0.00,0.00,0.00,0.00,0.00
,Generators,0.00,0.00,0.00,0.00,0.00,0.00,0.00,0.00,0.00,0.00,0.00,0.00,0.00
,,,,,,,,,,,,,,
,Total End Uses,7.48,0.00,0.00,0.00,0.00,0.00,0.00,0.00,0.00,0.00,41.37,0.22,0.00
Note: District heat appears to be the principal heating source based on energy usage.


End Uses By Subcategory

,,Subcategory,Electricity [GJ],Natural Gas [GJ],Gasoline [GJ],Diesel [GJ],Coal [GJ],Fuel Oil No 1 [GJ],Fuel Oil No 2 [GJ],Propane [GJ],Other Fuel 1 [GJ],Other Fuel 2 [GJ],District Cooling [GJ],District Heating [GJ],Water [m3]
,Heating,General,0.00,0.00,0.00,0.00,0.00,0.00,0.00,0.00,0.00,0.00,0.00,0.22,0.00
,Cooling,General,0.00,0.00,0.00,0.00,0.00,0.00,0.00,0.00,0.00,0.00,41.37,0.00,0.00
,Interior Lighting,General Lights,1.28,0.00,0.00,0.00,0.00,0.00,0.00,0.00,0.00,0.00,0.00,0.00,0.00
,Exterior Lighting,General,0.19,0.00,0.00,0.00,0.00,0.00,0.00,0.00,0.00,0.00,0.00,0.00,0.00
,Interior Equipment,MiscPlug,3.40,0.00,0.00,0.00,0.00,0.00,0.00,0.00,0.00,0.00,0.00,0.00,0.00
,Exterior Equipment,General,0.00,0.00,0.00,0.00,0.00,0.00,0.00,0.00,0.00,0.00,0.00,0.00,0.00
,Fans,General,1.18,0.00,0.00,0.00,0.00,0.00,0.00,0.00,0.00,0.00,0.00,0.00,0.00
,Pumps,General,1.43,0.00,0.00,0.00,0.00,0.00,0.00,0.00,0.00,0.00,0.00,0.00,0.00
,Heat Rejection,General,0.00,0.00,0.00,0.00,0.00,0.00,0.00,0.00,0.00,0.00,0.00,0.00,0.00
,Humidification,General,0.00,0.00,0.00,0.00,0.00,0.00,0.00,0.00,0.00,0.00,0.00,0.00,0.00
,Heat Recovery,General,0.00,0.00,0.00,0.00,0.00,0.00,0.00,0.00,0.00,0.00,0.00,0.00,0.00
,Water Systems,General,0.00,0.00,0.00,0.00,0.00,0.00,0.00,0.00,0.00,0.00,0.00,0.00,0.00
,Refrigeration,General,0.00,0.00,0.00,0.00,0.00,0.00,0.00,0.00,0.00,0.00,0.00,0.00,0.00
,Generators,General,0.00,0.00,0.00,0.00,0.00,0.00,0.00,0.00,0.00,0.00,0.00,0.00,0.00


Normalized Metrics
Utility Use Per Conditioned Floor Area

,,Electricity Intensity [MJ/m2],Natural Gas Intensity [MJ/m2],Gasoline Intensity [MJ/m2],Diesel Intensity [MJ/m2],Coal Intensity [MJ/m2],Fuel Oil No 1 Intensity [MJ/m2],Fuel Oil No 2 Intensity [MJ/m2],Propane Intensity [MJ/m2],Other Fuel 1 Intensity [MJ/m2],Other Fuel 2 Intensity [MJ/m2],District Cooling Intensity [MJ/m2],District Heating Intensity [MJ/m2],Water Intensity [m3/m2]
,Lighting,0.29,0.00,0.00,0.00,0.00,0.00,0.00,0.00,0.00,0.00,0.00,0.00,0.00
,HVAC,0.52,0.00,0.00,0.00,0.00,0.00,0.00,0.00,0.00,0.00,8.30,0.04,0.00
,Other,0.68,0.00,0.00,0.00,0.00,0.00,0.00,0.00,0.00,0.00,0.00,0.00,0.00
,Total,1.50,0.00,0.00,0.00,0.00,0.00,0.00,0.00,0.00,0.00,8.30,0.04,0.00


Utility Use Per Total Floor Area

,,Electricity Intensity [MJ/m2],Natural Gas Intensity [MJ/m2],Gasoline Intensity [MJ/m2],Diesel Intensity [MJ/m2],Coal Intensity [MJ/m2],Fuel Oil No 1 Intensity [MJ/m2],Fuel Oil No 2 Intensity [MJ/m2],Propane Intensity [MJ/m2],Other Fuel 1 Intensity [MJ/m2],Other Fuel 2 Intensity [MJ/m2],District Cooling Intensity [MJ/m2],District Heating Intensity [MJ/m2],Water Intensity [m3/m2]
,Lighting,0.29,0.00,0.00,0.00,0.00,0.00,0.00,0.00,0.00,0.00,0.00,0.00,0.00
,HVAC,0.52,0.00,0.00,0.00,0.00,0.00,0.00,0.00,0.00,0.00,8.30,0.04,0.00
,Other,0.68,0.00,0.00,0.00,0.00,0.00,0.00,0.00,0.00,0.00,0.00,0.00,0.00
,Total,1.50,0.00,0.00,0.00,0.00,0.00,0.00,0.00,0.00,0.00,8.30,0.04,0.00


Electric Loads Satisfied

,,Electricity [GJ],Percent Electricity [%]
,Fuel-Fired Power Generation,0.000,0.00
,High Temperature Geothermal*,0.000,0.00
,Photovoltaic Power,0.000,0.00
,Wind Power,0.000,0.00
,Power Conversion,0.000,0.00
,Net Decrease in On-Site Storage,0.000,0.00
,Total On-Site Electric Sources,0.000,0.00
,,,
,Electricity Coming From Utility,7.481,100.00
,Surplus Electricity Going To Utility,0.000,0.00
,Net Electricity From Utility,7.481,100.00
,,,
,Total On-Site and Utility Electric Sources,7.481,100.00
,Total Electricity End Uses,7.481,100.00


On-Site Thermal Sources

,,Heat [GJ],Percent Heat [%]
,Water-Side Heat Recovery,0.00,
,Air to Air Heat Recovery for Cooling,0.00,
,Air to Air Heat Recovery for Heating,0.00,
,High-Temperature Geothermal*,0.00,
,Solar Water Thermal,0.00,
,Solar Air Thermal,0.00,
,Total On-Site Thermal Sources,0.00,


Water Source Summary

,,Water [m3],Percent Water [%]
,Rainwater Collection,0.00,-
,Condensate Collection,0.00,-
,Groundwater Well,0.00,-
,Total On Site Water Sources,0.00,-
,-,-,-
,Initial Storage,0.00,-
,Final Storage,0.00,-
,Change in Storage,0.00,-
,-,-,-
,Water Supplied by Utility,0.00,-
,-,-,-
,Total On Site, Change in Storage, and Utility Water Sources,0.00,-
,Total Water End Uses,0.00,-


Setpoint Not Met Criteria

,,Degrees [deltaC]
,Tolerance for Zone Heating Setpoint Not Met Time,0.20
,Tolerance for Zone Cooling Setpoint Not Met Time,0.20


Comfort and Setpoint Not Met Summary

,,Facility [Hours]
,Time Setpoint Not Met During Occupied Heating,16.00
,Time Setpoint Not Met During Occupied Cooling,0.80
,Time Not Comfortable Based on Simple ASHRAE 55-2004,30.00


Note 1: An asterisk (*) indicates that the feature is not yet implemented.
----------------------------------------------------------------------------------------------------
REPORT:,Input Verification and Results Summary
FOR:,Entire Facility
General

,,Value
,Program Version and Build,EnergyPlus, Version 9.5.0-de239b2e5f, YMD=2021.07.16 14:32
,RunPeriod,RUNPERIOD 1
,Weather File,Atlanta Hartsfield Intl Ap GA USA TMY3 WMO#=722190
,Latitude [deg],33.63
,Longitude [deg],-84.4
,Elevation [m],308.00
,Time Zone,-5.0
,North Axis Angle [deg],0.00
,Rotation for Appendix G [deg],0.00
,Hours Simulated [hrs],48.00


ENVELOPE
Window-Wall Ratio

,,Total,North (315 to 45 deg),East (45 to 135 deg),South (135 to 225 deg),West (225 to 315 deg)
,Gross Wall Area [m2],1977.67,593.30,395.53,593.30,395.53
,Above Ground Wall Area [m2],1977.67,593.30,395.53,593.30,395.53
,Window Opening Area [m2],652.61,195.78,130.53,195.78,130.53
,Gross Window-Wall Ratio [%],33.00,33.00,33.00,33.00,33.00
,Above Ground Window-Wall Ratio [%],33.00,33.00,33.00,33.00,33.00


Conditioned Window-Wall Ratio

,,Total,North (315 to 45 deg),East (45 to 135 deg),South (135 to 225 deg),West (225 to 315 deg)
,Gross Wall Area [m2],1369.16,410.75,273.83,410.75,273.83
,Above Ground Wall Area [m2],1369.16,410.75,273.83,410.75,273.83
,Window Opening Area [m2],652.61,195.78,130.53,195.78,130.53
,Gross Window-Wall Ratio [%],47.67,47.66,47.67,47.66,47.67
,Above Ground Window-Wall Ratio [%],47.67,47.66,47.67,47.66,47.67


Skylight-Roof Ratio

,,Total
,Gross Roof Area [m2],1660.73
,Skylight Area [m2],0.00
,Skylight-Roof Ratio [%],0.00


PERFORMANCE
Zone Summary

,,Area [m2],Conditioned (Y/N),Part of Total Floor Area (Y/N),Volume [m3],Multipliers,Above Ground Gross Wall Area [m2],Underground Gross Wall Area [m2],Window Glass Area [m2],Opening Area [m2],Lighting [W/m2],People [m2 per person],Plug and Process [W/m2]
,CORE_BOTTOM,983.54,Yes,Yes,2698.04,1.00,0.00,0.00,0.00,0.00,8.5035,18.58,40.8445
,TOPFLOOR_PLENUM,1660.73,No,No,2024.76,1.00,202.84,0.00,0.00,0.00,0.0000,,0.0000
,MIDFLOOR_PLENUM,1660.73,No,No,2024.76,1.00,202.84,0.00,0.00,0.00,0.0000,,0.0000
,FIRSTFLOOR_PLENUM,1660.73,No,No,2024.76,1.00,202.84,0.00,0.00,0.00,0.0000,,0.0000
,CORE_MID,983.54,Yes,Yes,2698.04,1.00,0.00,0.00,0.00,0.00,8.5035,18.58,8.0700
,CORE_TOP,983.54,Yes,Yes,2698.04,1.00,0.00,0.00,0.00,0.00,8.5035,18.58,8.0700
,PERIMETER_TOP_ZN_3,207.34,Yes,Yes,568.77,1.00,136.92,0.00,65.26,65.26,8.5035,18.58,8.0700
,PERIMETER_TOP_ZN_2,131.26,Yes,Yes,360.08,1.00,91.28,0.00,43.51,43.51,8.5035,18.58,8.0695
,PERIMETER_TOP_ZN_1,207.34,Yes,Yes,568.77,1.00,136.92,0.00,65.26,65.26,8.5035,18.58,8.0699
,PERIMETER_TOP_ZN_4,131.25,Yes,Yes,360.05,1.00,91.28,0.00,43.51,43.51,8.5035,18.58,8.0700
,PERIMETER_BOT_ZN_3,207.34,Yes,Yes,568.77,1.00,136.92,0.00,65.26,65.26,8.5035,18.58,8.0700
,PERIMETER_BOT_ZN_2,131.26,Yes,Yes,360.08,1.00,91.28,0.00,43.51,43.51,8.5035,18.58,8.0695
,PERIMETER_BOT_ZN_1,207.34,Yes,Yes,568.77,1.00,136.92,0.00,65.26,65.26,8.5035,18.58,8.0699
,PERIMETER_BOT_ZN_4,131.25,Yes,Yes,360.05,1.00,91.28,0.00,43.51,43.51,8.5035,18.58,8.0700
,PERIMETER_MID_ZN_3,207.34,Yes,Yes,568.77,1.00,136.92,0.00,65.26,65.26,8.5035,18.58,8.0700
,PERIMETER_MID_ZN_2,131.26,Yes,Yes,360.08,1.00,91.28,0.00,43.51,43.51,8.5035,18.58,8.0695
,PERIMETER_MID_ZN_1,207.34,Yes,Yes,568.77,1.00,136.92,0.00,65.26,65.26,8.5035,18.58,8.0699
,PERIMETER_MID_ZN_4,131.25,Yes,Yes,360.05,1.00,91.28,0.00,43.51,43.51,8.5035,18.58,8.0700
,Total,4982.19,,,13667.13,,1369.16,0.00,652.61,652.61,8.5035,18.58,14.5400
,Conditioned Total,4982.19,,,13667.13,,1369.16,0.00,652.61,652.61,8.5035,18.58,14.5400
,Unconditioned Total,0.00,,,0.00,,0.00,0.00,0.00,0.00,,,
,Not Part of Total,4982.19,,,6074.28,,608.51,0.00,0.00,0.00,0.0000,,0.0000


----------------------------------------------------------------------------------------------------
REPORT:,Climatic Data Summary
FOR:,Entire Facility
SizingPeriod:DesignDay

,,Maximum Dry Bulb [C],Daily Temperature Range [deltaC],Humidity Value,Humidity Type,Wind Speed [m/s],Wind Direction
,ATLANTA-HARTSFIELD.JACKSON.INTL.AP_GA_USA ANN HTG 99.6% CONDNS DB,-6.30,0.00,-6.30,Wetbulb [C],5.30,320.00
,ATLANTA-HARTSFIELD.JACKSON.INTL.AP_GA_USA ANN CLG .4% CONDNS DB=>MWB,34.40,9.50,23.50,Wetbulb [C],4.00,300.00


Weather Statistics File

,,Value
,None,


----------------------------------------------------------------------------------------------------
REPORT:,Envelope Summary
FOR:,Entire Facility
Opaque Exterior

,,Construction,Reflectance,U-Factor with Film [W/m2-K],U-Factor no Film [W/m2-K],Gross Area [m2],Net Area [m2],Azimuth [deg],Tilt [deg],Cardinal Direction
,CORE_BOT_ZN_5_FLOOR,EXT_SLAB_8IN_WITH_CARPET_RAD,0.30,2.150,3.300,983.54,983.54,0.00,180.00,
,PERIMETER_TOP_PLENUM_WALL_NORTH,NONRES_EXT_WALL,0.30,0.437,0.468,60.85,60.85,0.00,90.00,N
,PERIMETER_TOP_PLENUM_WALL_EAST,NONRES_EXT_WALL,0.30,0.437,0.468,40.57,40.57,90.00,90.00,E
,PERIMETER_TOP_PLENUM_WALL_SOUTH,NONRES_EXT_WALL,0.30,0.437,0.468,60.85,60.85,180.00,90.00,S
,PERIMETER_TOP_PLENUM_WALL_WEST,NONRES_EXT_WALL,0.30,0.437,0.468,40.57,40.57,270.00,90.00,W
,BUILDING_ROOF,NONRES_ROOF,0.55,0.221,0.228,1660.73,1660.73,0.00,0.00,
,PERIMETER_MID_PLENUM_WALL_NORTH,NONRES_EXT_WALL,0.30,0.437,0.468,60.85,60.85,0.00,90.00,N
,PERIMETER_MID_PLENUM_WALL_EAST,NONRES_EXT_WALL,0.30,0.437,0.468,40.57,40.57,90.00,90.00,E
,PERIMETER_MID_PLENUM_WALL_SOUTH,NONRES_EXT_WALL,0.30,0.437,0.468,60.85,60.85,180.00,90.00,S
,PERIMETER_MID_PLENUM_WALL_WEST,NONRES_EXT_WALL,0.30,0.437,0.468,40.57,40.57,270.00,90.00,W
,PERIMETER_BOT_PLENUM_WALL_NORTH,NONRES_EXT_WALL,0.30,0.437,0.468,60.85,60.85,0.00,90.00,N
,PERIMETER_BOT_PLENUM_WALL_EAST,NONRES_EXT_WALL,0.30,0.437,0.468,40.57,40.57,90.00,90.00,E
,PERIMETER_BOT_PLENUM_WALL_SOUTH,NONRES_EXT_WALL,0.30,0.437,0.468,60.85,60.85,180.00,90.00,S
,PERIMETER_BOT_PLENUM_WALL_WEST,NONRES_EXT_WALL,0.30,0.437,0.468,40.57,40.57,270.00,90.00,W
,PERIMETER_TOP_ZN_3_WALL_NORTH,NONRES_EXT_WALL_RAD,0.30,2.606,4.273,136.92,71.65,0.00,90.00,N
,PERIMETER_TOP_ZN_2_WALL_EAST,NONRES_EXT_WALL_RAD,0.30,2.606,4.273,91.28,47.77,90.00,90.00,E
,PERIMETER_TOP_ZN_1_WALL_SOUTH,NONRES_EXT_WALL_RAD,0.30,2.606,4.273,136.92,71.65,180.00,90.00,S
,PERIMETER_TOP_ZN_4_WALL_WEST,NONRES_EXT_WALL_RAD,0.30,2.606,4.273,91.28,47.77,270.00,90.00,W
,PERIMETER_BOT_ZN_3_WALL_NORTH,NONRES_EXT_WALL_RAD,0.30,2.606,4.273,136.92,67.76,0.00,90.00,N
,PERIMETER_BOT_ZN_3_FLOOR,EXT_SLAB_8IN_WITH_CARPET,0.30,2.144,3.285,207.34,207.34,0.00,180.00,
,PERIMETER_BOT_ZN_2_WALL_EAST,NONRES_EXT_WALL_RAD,0.30,2.606,4.273,91.28,45.82,90.00,90.00,E
,PERIMETER_BOT_ZN_2_FLOOR,EXT_SLAB_8IN_WITH_CARPET,0.30,2.144,3.285,131.26,131.26,90.00,180.00,
,PERIMETER_BOT_ZN_1_WALL_SOUTH,NONRES_EXT_WALL_RAD,0.30,2.606,4.273,136.92,67.76,180.00,90.00,S
,PERIMETER_BOT_ZN_1_FLOOR,SLAB FLOOR WITH RADIANT,0.40,0.358,0.381,207.34,207.34,180.00,180.00,
,PERIMETER_BOT_ZN_4_WALL_WEST,NONRES_EXT_WALL_RAD,0.30,2.606,4.273,91.28,45.82,270.00,90.00,W
,PERIMETER_BOT_ZN_4_FLOOR,EXT_SLAB_8IN_WITH_CARPET,0.30,2.144,3.285,131.25,131.25,270.00,180.00,
,PERIMETER_MID_ZN_3_WALL_NORTH,NONRES_EXT_WALL_RAD,0.30,2.606,4.273,136.92,71.65,0.00,90.00,N
,PERIMETER_MID_ZN_2_WALL_EAST,NONRES_EXT_WALL_RAD,0.30,2.606,4.273,91.28,47.77,90.00,90.00,E
,PERIMETER_MID_ZN_1_WALL_SOUTH,NONRES_EXT_WALL_RAD,0.30,2.606,4.273,136.92,71.65,180.00,90.00,S
,PERIMETER_MID_ZN_4_WALL_WEST,NONRES_EXT_WALL_RAD,0.30,2.606,4.273,91.28,47.77,270.00,90.00,W


Opaque Interior

,,Construction,Reflectance,U-Factor with Film [W/m2-K],U-Factor no Film [W/m2-K],Gross Area [m2],Net Area [m2],Azimuth [deg],Tilt [deg],Cardinal Direction
,CORE_BOT_ZN_5_WALL_SOUTH,INT_WALL,0.30,2.511,6.299,111.82,111.82,180.00,90.00,S
,CORE_BOT_ZN_5_WALL_EAST,INT_WALL,0.30,2.511,6.299,66.19,66.19,90.00,90.00,E
,CORE_BOT_ZN_5_WALL_NORTH,INT_WALL,0.30,2.511,6.299,111.82,111.82,0.00,90.00,N
,CORE_BOT_ZN_5_WALL_WEST,INT_WALL,0.30,2.511,6.299,66.19,66.19,270.00,90.00,W
,CORE_BOT_ZN_5_CEILING,DROPCEILING,0.30,2.031,4.488,983.54,983.54,180.00,0.00,
,iz-PERIMETER_TOP_ZN_1_CEILING,DROPCEILING,0.30,2.031,4.488,207.34,207.34,225.00,180.00,
,iz-PERIMETER_TOP_ZN_2_CEILING,DROPCEILING,0.30,2.031,4.488,131.26,131.26,135.00,180.00,
,iz-PERIMETER_TOP_ZN_3_CEILING,DROPCEILING,0.30,2.031,4.488,207.34,207.34,45.00,180.00,
,iz-PERIMETER_TOP_ZN_4_CEILING,DROPCEILING,0.30,2.031,4.488,131.25,131.25,315.00,180.00,
,iz-CORE_TOP_ZN_5_CEILING,DROPCEILING,0.30,2.031,4.488,983.54,983.54,180.00,180.00,
,iz-PERIMETER_MID_ZN_1_CEILING,DROPCEILING,0.30,2.031,4.488,207.34,207.34,180.00,180.00,
,iz-PERIMETER_MID_ZN_2_CEILING,DROPCEILING,0.30,2.031,4.488,131.26,131.26,90.00,180.00,
,iz-PERIMETER_MID_ZN_3_CEILING,DROPCEILING,0.30,2.031,4.488,207.34,207.34,0.00,180.00,
,iz-PERIMETER_MID_ZN_4_CEILING,DROPCEILING,0.30,2.031,4.488,131.25,131.25,270.00,180.00,
,iz-CORE_MID_ZN_5_CEILING,DROPCEILING,0.30,2.031,4.488,983.54,983.54,0.00,180.00,
,iz-PERIMETER_TOP_ZN_1_FLOOR,INT_SLAB_CEILING,0.30,1.887,3.839,207.34,207.34,0.00,0.00,
,iz-PERIMETER_TOP_ZN_2_FLOOR,INT_SLAB_CEILING,0.30,1.887,3.839,131.26,131.26,270.00,0.00,
,iz-PERIMETER_TOP_ZN_3_FLOOR,INT_SLAB_CEILING,0.30,1.887,3.839,207.34,207.34,180.00,0.00,
,iz-PERIMETER_TOP_ZN_4_FLOOR,INT_SLAB_CEILING,0.30,1.887,3.839,131.25,131.25,90.00,0.00,
,iz-CORE_TOP_ZN_5_FLOOR,iz-INT_SLAB_FLOOR_RAD,0.30,1.890,3.850,983.54,983.54,180.00,0.00,
,iz-PERIMETER_BOT_ZN_1_CEILING,DROPCEILING,0.30,2.031,4.488,207.34,207.34,180.00,180.00,
,iz-PERIMETER_BOT_ZN_2_CEILING,DROPCEILING,0.30,2.031,4.488,131.26,131.26,90.00,180.00,
,iz-PERIMETER_BOT_ZN_3_CEILING,DROPCEILING,0.30,2.031,4.488,207.34,207.34,0.00,180.00,
,iz-PERIMETER_BOT_ZN_4_CEILING,DROPCEILING,0.30,2.031,4.488,131.25,131.25,270.00,180.00,
,iz-CORE_BOT_ZN_5_CEILING,DROPCEILING,0.30,2.031,4.488,983.54,983.54,0.00,180.00,
,iz-PERIMETER_MID_ZN_1_FLOOR,INT_SLAB_CEILING,0.30,1.887,3.839,207.34,207.34,0.00,0.00,
,iz-PERIMETER_MID_ZN_2_FLOOR,INT_SLAB_CEILING,0.30,1.887,3.839,131.26,131.26,270.00,0.00,
,iz-PERIMETER_MID_ZN_3_FLOOR,INT_SLAB_CEILING,0.30,1.887,3.839,207.34,207.34,180.00,0.00,
,iz-PERIMETER_MID_ZN_4_FLOOR,INT_SLAB_CEILING,0.30,1.887,3.839,131.25,131.25,90.00,0.00,
,iz-CORE_MID_ZN_5_FLOOR,iz-INT_SLAB_FLOOR_RAD,0.30,1.890,3.850,983.54,983.54,180.00,0.00,
,CORE_MID_ZN_5_WALL_NORTH,INT_WALL,0.30,2.511,6.299,111.82,111.82,0.00,90.00,N
,CORE_MID_ZN_5_WALL_EAST,INT_WALL,0.30,2.511,6.299,66.19,66.19,90.00,90.00,E
,CORE_MID_ZN_5_WALL_SOUTH,INT_WALL,0.30,2.511,6.299,111.82,111.82,180.00,90.00,S
,CORE_MID_ZN_5_WALL_WEST,INT_WALL,0.30,2.511,6.299,66.19,66.19,270.00,90.00,W
,CORE_MID_ZN_5_FLOOR,INT_SLAB_FLOOR_RAD,0.30,1.890,3.850,983.54,983.54,0.00,180.00,
,CORE_MID_ZN_5_CEILING,DROPCEILING,0.30,2.031,4.488,983.54,983.54,180.00,0.00,
,CORE_TOP_ZN_5_WALL_NORTH,INT_WALL,0.30,2.511,6.299,111.82,111.82,0.00,90.00,N
,CORE_TOP_ZN_5_WALL_EAST,INT_WALL,0.30,2.511,6.299,66.19,66.19,90.00,90.00,E
,CORE_TOP_ZN_5_WALL_SOUTH,INT_WALL,0.30,2.511,6.299,111.82,111.82,180.00,90.00,S
,CORE_TOP_ZN_5_WALL_WEST,INT_WALL,0.30,2.511,6.299,66.19,66.19,270.00,90.00,W
,CORE_TOP_ZN_5_FLOOR,INT_SLAB_FLOOR_RAD,0.30,1.890,3.850,983.54,983.54,0.00,180.00,
,CORE_TOP_ZN_5_CEILING,DROPCEILING,0.30,2.031,4.488,983.54,983.54,0.00,0.00,
,PERIMETER_TOP_ZN_3_WALL_WEST,INT_WALL,0.30,2.511,6.299,17.74,17.74,225.00,90.00,W
,iz-PERIMETER_TOP_ZN_2_WALL_NORTH,INT_WALL,0.30,2.511,6.299,17.74,17.74,135.00,90.00,S
,iz-CORE_TOP_ZN_5_WALL_NORTH,INT_WALL,0.30,2.511,6.299,111.82,111.82,180.00,90.00,S
,PERIMETER_TOP_ZN_3_FLOOR,INT_SLAB_FLOOR,0.30,1.887,3.839,207.34,207.34,0.00,180.00,
,PERIMETER_TOP_ZN_3_CEILING,DROPCEILING,0.30,2.031,4.488,207.34,207.34,225.00,0.00,
,PERIMETER_TOP_ZN_2_WALL_NORTH,INT_WALL,0.30,2.511,6.299,17.74,17.74,315.00,90.00,N
,iz-PERIMETER_TOP_ZN_1_WALL_EAST,INT_WALL,0.30,2.511,6.299,17.74,17.74,225.00,90.00,W
,iz-CORE_TOP_ZN_5_WALL_EAST,INT_WALL,0.30,2.511,6.299,66.19,66.19,270.00,90.00,W
,PERIMETER_TOP_ZN_2_FLOOR,INT_SLAB_FLOOR,0.30,1.887,3.839,131.26,131.26,90.00,180.00,
,PERIMETER_TOP_ZN_2_CEILING,DROPCEILING,0.30,2.031,4.488,131.26,131.26,315.00,0.00,
,PERIMETER_TOP_ZN_1_WALL_EAST,INT_WALL,0.30,2.511,6.299,17.74,17.74,45.00,90.00,E
,iz-PERIMETER_TOP_ZN_4_WALL_SOUTH,INT_WALL,0.30,2.511,6.299,17.74,17.74,315.00,90.00,N
,iz-CORE_TOP_ZN_5_WALL_SOUTH,INT_WALL,0.30,2.511,6.299,111.82,111.82,0.00,90.00,N
,PERIMETER_TOP_ZN_1_FLOOR,INT_SLAB_FLOOR,0.30,1.887,3.839,207.34,207.34,180.00,180.00,
,PERIMETER_TOP_ZN_1_CEILING,DROPCEILING,0.30,2.031,4.488,207.34,207.34,45.00,0.00,
,PERIMETER_TOP_ZN_4_WALL_SOUTH,INT_WALL,0.30,2.511,6.299,17.74,17.74,135.00,90.00,S
,iz-PERIMETER_TOP_ZN_3_WALL_WEST,INT_WALL,0.30,2.511,6.299,17.74,17.74,45.00,90.00,E
,iz-CORE_TOP_ZN_5_WALL_WEST,INT_WALL,0.30,2.511,6.299,66.19,66.19,90.00,90.00,E
,PERIMETER_TOP_ZN_4_FLOOR,INT_SLAB_FLOOR,0.30,1.887,3.839,131.25,131.25,270.00,180.00,
,PERIMETER_TOP_ZN_4_CEILING,DROPCEILING,0.30,2.031,4.488,131.25,131.25,135.00,0.00,
,PERIMETER_BOT_ZN_3_WALL_WEST,INT_WALL,0.30,2.511,6.299,17.74,17.74,225.00,90.00,W
,iz-PERIMETER_BOT_ZN_2_WALL_NORTH,INT_WALL,0.30,2.511,6.299,17.74,17.74,135.00,90.00,S
,iz-CORE_BOT_ZN_5_WALL_NORTH,INT_WALL,0.30,2.511,6.299,111.82,111.82,180.00,90.00,S
,PERIMETER_BOT_ZN_3_CEILING,DROPCEILING,0.30,2.031,4.488,207.34,207.34,180.00,0.00,
,PERIMETER_BOT_ZN_2_WALL_NORTH,INT_WALL,0.30,2.511,6.299,17.74,17.74,315.00,90.00,N
,iz-PERIMETER_BOT_ZN_1_WALL_EAST,INT_WALL,0.30,2.511,6.299,17.74,17.74,225.00,90.00,W
,iz-CORE_BOT_ZN_5_WALL_EAST,INT_WALL,0.30,2.511,6.299,66.19,66.19,270.00,90.00,W
,PERIMETER_BOT_ZN_2_CEILING,DROPCEILING,0.30,2.031,4.488,131.26,131.26,270.00,0.00,
,PERIMETER_BOT_ZN_1_WALL_EAST,INT_WALL,0.30,2.511,6.299,17.74,17.74,45.00,90.00,E
,iz-PERIMETER_BOT_ZN_4_WALL_SOUTH,INT_WALL,0.30,2.511,6.299,17.74,17.74,315.00,90.00,N
,iz-CORE_BOT_ZN_5_WALL_SOUTH,INT_WALL,0.30,2.511,6.299,111.82,111.82,0.00,90.00,N
,PERIMETER_BOT_ZN_1_CEILING,DROPCEILING,0.30,2.031,4.488,207.34,207.34,0.00,0.00,
,PERIMETER_BOT_ZN_4_WALL_SOUTH,INT_WALL,0.30,2.511,6.299,17.74,17.74,135.00,90.00,S
,iz-PERIMETER_BOT_ZN_3_WALL_WEST,INT_WALL,0.30,2.511,6.299,17.74,17.74,45.00,90.00,E
,iz-CORE_BOT_ZN_5_WALL_WEST,INT_WALL,0.30,2.511,6.299,66.19,66.19,90.00,90.00,E
,PERIMETER_BOT_ZN_4_CEILING,DROPCEILING,0.30,2.031,4.488,131.25,131.25,90.00,0.00,
,PERIMETER_MID_ZN_3_WALL_WEST,INT_WALL,0.30,2.511,6.299,17.74,17.74,225.00,90.00,W
,iz-PERIMETER_MID_ZN_2_WALL_NORTH,INT_WALL,0.30,2.511,6.299,17.74,17.74,135.00,90.00,S
,iz-CORE_MID_ZN_5_WALL_NORTH,INT_WALL,0.30,2.511,6.299,111.82,111.82,180.00,90.00,S
,PERIMETER_MID_ZN_3_FLOOR,INT_SLAB_FLOOR,0.30,1.887,3.839,207.34,207.34,0.00,180.00,
,PERIMETER_MID_ZN_3_CEILING,DROPCEILING,0.30,2.031,4.488,207.34,207.34,180.00,0.00,
,PERIMETER_MID_ZN_2_WALL_NORTH,INT_WALL,0.30,2.511,6.299,17.74,17.74,315.00,90.00,N
,iz-PERIMETER_MID_ZN_1_WALL_EAST,INT_WALL,0.30,2.511,6.299,17.74,17.74,225.00,90.00,W
,iz-CORE_MID_ZN_5_WALL_EAST,INT_WALL,0.30,2.511,6.299,66.19,66.19,270.00,90.00,W
,PERIMETER_MID_ZN_2_FLOOR,INT_SLAB_FLOOR,0.30,1.887,3.839,131.26,131.26,90.00,180.00,
,PERIMETER_MID_ZN_2_CEILING,DROPCEILING,0.30,2.031,4.488,131.26,131.26,270.00,0.00,
,PERIMETER_MID_ZN_1_WALL_EAST,INT_WALL,0.30,2.511,6.299,17.74,17.74,45.00,90.00,E
,iz-PERIMETER_MID_ZN_4_WALL_SOUTH,INT_WALL,0.30,2.511,6.299,17.74,17.74,315.00,90.00,N
,iz-CORE_MID_ZN_5_WALL_SOUTH,INT_WALL,0.30,2.511,6.299,111.82,111.82,0.00,90.00,N
,PERIMETER_MID_ZN_1_FLOOR,INT_SLAB_FLOOR,0.30,1.887,3.839,207.34,207.34,180.00,180.00,
,PERIMETER_MID_ZN_1_CEILING,DROPCEILING,0.30,2.031,4.488,207.34,207.34,0.00,0.00,
,PERIMETER_MID_ZN_4_WALL_SOUTH,INT_WALL,0.30,2.511,6.299,17.74,17.74,135.00,90.00,S
,iz-PERIMETER_MID_ZN_3_WALL_WEST,INT_WALL,0.30,2.511,6.299,17.74,17.74,45.00,90.00,E
,iz-CORE_MID_ZN_5_WALL_WEST,INT_WALL,0.30,2.511,6.299,66.19,66.19,90.00,90.00,E
,PERIMETER_MID_ZN_4_FLOOR,INT_SLAB_FLOOR,0.30,1.887,3.839,131.25,131.25,270.00,180.00,
,PERIMETER_MID_ZN_4_CEILING,DROPCEILING,0.30,2.031,4.488,131.25,131.25,90.00,0.00,


Exterior Fenestration

,,Construction,Glass Area [m2],Frame Area [m2],Divider Area [m2],Area of One Opening [m2],Area of Multiplied Openings [m2],Glass U-Factor [W/m2-K],Glass SHGC,Glass Visible Transmittance,Frame Conductance [W/m2-K],Divider Conductance [W/m2-K],Shade Control,Parent Surface,Azimuth [deg],Tilt [deg],Cardinal Direction
,PERIMETER_TOP_ZN_3_WALL_NORTH_WINDOW,WINDOW_U_0.51_SHGC_0.25,65.26,0.00,0.00,65.26,65.26,2.898,0.241,0.312,,,No,PERIMETER_TOP_ZN_3_WALL_NORTH,0.00,90.00,N
,PERIMETER_TOP_ZN_2_WALL_EAST_WINDOW,WINDOW_U_0.51_SHGC_0.25,43.51,0.00,0.00,43.51,43.51,2.898,0.241,0.312,,,No,PERIMETER_TOP_ZN_2_WALL_EAST,90.00,90.00,E
,PERIMETER_TOP_ZN_1_WALL_SOUTH_WINDOW,WINDOW_U_0.51_SHGC_0.25,65.26,0.00,0.00,65.26,65.26,2.898,0.241,0.312,,,No,PERIMETER_TOP_ZN_1_WALL_SOUTH,180.00,90.00,S
,PERIMETER_TOP_ZN_4_WALL_WEST_WINDOW,WINDOW_U_0.51_SHGC_0.25,43.51,0.00,0.00,43.51,43.51,2.898,0.241,0.312,,,No,PERIMETER_TOP_ZN_4_WALL_WEST,270.00,90.00,W
,PERIMETER_BOT_ZN_3_WALL_NORTH_WINDOW1,WINDOW_U_0.51_SHGC_0.25,21.75,0.00,0.00,21.75,21.75,2.898,0.241,0.312,,,No,PERIMETER_BOT_ZN_3_WALL_NORTH,0.00,90.00,N
,PERIMETER_BOT_ZN_3_WALL_NORTH_WINDOW2,WINDOW_U_0.51_SHGC_0.25,21.75,0.00,0.00,21.75,21.75,2.898,0.241,0.312,,,No,PERIMETER_BOT_ZN_3_WALL_NORTH,0.00,90.00,N
,PERIMETER_BOT_ZN_3_WALL_NORTH_WINDOW3,WINDOW_U_0.51_SHGC_0.25,21.75,0.00,0.00,21.75,21.75,2.898,0.241,0.312,,,No,PERIMETER_BOT_ZN_3_WALL_NORTH,0.00,90.00,N
,PERIMETER_BOT_ZN_2_WALL_EAST_WINDOW1,WINDOW_U_0.51_SHGC_0.25,41.86,0.00,0.00,41.86,41.86,2.898,0.241,0.312,,,No,PERIMETER_BOT_ZN_2_WALL_EAST,90.00,90.00,E
,PERIMETER_BOT_ZN_2_WALL_EAST_WINDOW2,WINDOW_U_0.51_SHGC_0.25,1.65,0.00,0.00,1.65,1.65,2.898,0.241,0.312,,,No,PERIMETER_BOT_ZN_2_WALL_EAST,90.00,90.00,E
,PERIMETER_BOT_ZN_1_WALL_SOUTH_WINDOW2,WINDOW_U_0.51_SHGC_0.25,21.75,0.00,0.00,21.75,21.75,2.898,0.241,0.312,,,No,PERIMETER_BOT_ZN_1_WALL_SOUTH,180.00,90.00,S
,PERIMETER_BOT_ZN_1_WALL_SOUTH_WINDOW3,WINDOW_U_0.51_SHGC_0.25,21.75,0.00,0.00,21.75,21.75,2.898,0.241,0.312,,,No,PERIMETER_BOT_ZN_1_WALL_SOUTH,180.00,90.00,S
,PERIMETER_BOT_ZN_1_WALL_SOUTH_WINDOW1,WINDOW_U_0.51_SHGC_0.25,21.75,0.00,0.00,21.75,21.75,2.898,0.241,0.312,,,No,PERIMETER_BOT_ZN_1_WALL_SOUTH,180.00,90.00,S
,PERIMETER_BOT_ZN_4_WALL_WEST_WINDOW1,WINDOW_U_0.51_SHGC_0.25,41.86,0.00,0.00,41.86,41.86,2.898,0.241,0.312,,,No,PERIMETER_BOT_ZN_4_WALL_WEST,270.00,90.00,W
,PERIMETER_BOT_ZN_4_WALL_WEST_WINDOW2,WINDOW_U_0.51_SHGC_0.25,1.65,0.00,0.00,1.65,1.65,2.898,0.241,0.312,,,No,PERIMETER_BOT_ZN_4_WALL_WEST,270.00,90.00,W
,PERIMETER_MID_ZN_3_WALL_NORTH_WINDOW,WINDOW_U_0.51_SHGC_0.25,65.26,0.00,0.00,65.26,65.26,2.898,0.241,0.312,,,No,PERIMETER_MID_ZN_3_WALL_NORTH,0.00,90.00,N
,PERIMETER_MID_ZN_2_WALL_EAST_WINDOW,WINDOW_U_0.51_SHGC_0.25,43.51,0.00,0.00,43.51,43.51,2.898,0.241,0.312,,,No,PERIMETER_MID_ZN_2_WALL_EAST,90.00,90.00,E
,PERIMETER_MID_ZN_1_WALL_SOUTH_WINDOW,WINDOW_U_0.51_SHGC_0.25,65.26,0.00,0.00,65.26,65.26,2.898,0.241,0.312,,,No,PERIMETER_MID_ZN_1_WALL_SOUTH,180.00,90.00,S
,PERIMETER_MID_ZN_4_WALL_WEST_WINDOW,WINDOW_U_0.51_SHGC_0.25,43.51,0.00,0.00,43.51,43.51,2.898,0.241,0.312,,,No,PERIMETER_MID_ZN_4_WALL_WEST,270.00,90.00,W
,Total or Average,,,,,,652.61,2.898,0.241,0.312,,,,,,,
,North Total or Average,,,,,,195.78,2.898,0.241,0.312,,,,,,,
,Non-North Total or Average,,,,,,456.83,2.898,0.241,0.312,,,,,,,


Interior Fenestration

,,Construction,Area of One Opening [m2],Area of Openings [m2],Glass U-Factor [W/m2-K],Glass SHGC,Glass Visible Transmittance,Parent Surface
,Total or Average,,,0.00,-,-,-,


Exterior Door

,,Construction,U-Factor with Film [W/m2-K],U-Factor no Film [W/m2-K],Gross Area [m2],Parent Surface
,PERIMETER_BOT_ZN_3_WALL_NORTH_DOOR1,SWINGING DOOR_CON,1.598,2.101,1.95,PERIMETER_BOT_ZN_3_WALL_NORTH
,PERIMETER_BOT_ZN_3_WALL_NORTH_DOOR2,SWINGING DOOR_CON,1.598,2.101,1.95,PERIMETER_BOT_ZN_3_WALL_NORTH
,PERIMETER_BOT_ZN_2_WALL_EAST_DOOR,SWINGING DOOR_CON,1.598,2.101,1.95,PERIMETER_BOT_ZN_2_WALL_EAST
,PERIMETER_BOT_ZN_1_WALL_SOUTH_DOOR1,SWINGING DOOR_CON,1.598,2.101,1.95,PERIMETER_BOT_ZN_1_WALL_SOUTH
,PERIMETER_BOT_ZN_1_WALL_SOUTH_DOOR2,SWINGING DOOR_CON,1.598,2.101,1.95,PERIMETER_BOT_ZN_1_WALL_SOUTH
,PERIMETER_BOT_ZN_4_WALL_WEST_DOOR,SWINGING DOOR_CON,1.598,2.101,1.95,PERIMETER_BOT_ZN_4_WALL_WEST


Interior Door

,,Construction,U-Factor with Film [W/m2-K],U-Factor no Film [W/m2-K],Gross Area [m2],Parent Surface
,None,,,,,


----------------------------------------------------------------------------------------------------
REPORT:,Equipment Summary
FOR:,Entire Facility
Central Plant

,,Type,Nominal Capacity [W],Nominal Efficiency [W/W],IPLV in SI Units [W/W],IPLV in IP Units [Btu/W-h]
,None,,,,,


Cooling Coils

,,Type,Design Coil Load [W],Nominal Total Capacity [W],Nominal Sensible Capacity [W],Nominal Latent Capacity [W],Nominal Sensible Heat Ratio,Nominal Efficiency [W/W],Nominal Coil UA Value [W/C],Nominal Coil Surface Area [m2]
,DOAS COOLING COIL,Coil:Cooling:Water,672918.79,543029.98,349094.06,193935.92,0.64,-,63210.88,641.12
Nominal values are gross at rated conditions, i.e., the supply air fan heat and electric power NOT accounted for.


DX Cooling Coils

,,DX Cooling Coil Type,Standard Rated Net Cooling Capacity [W],Standard Rated Net COP [W/W],EER [Btu/W-h],SEER User [Btu/W-h],SEER Standard [Btu/W-h],IEER [Btu/W-h]
,None,,,,,,,


DX Cooling Coil ASHRAE 127 Standard Ratings Report

,,DX Cooling Coil Type,Rated Net Cooling Capacity Test A [W],Rated Electric Power Test A [W],Rated Net Cooling Capacity Test B [W],Rated Electric Power Test B [W],Rated Net Cooling Capacity Test C [W],Rated Electric Power Test C [W],Rated Net Cooling Capacity Test D [W],Rated Electric Power Test D [W]
,None,,,,,,,,,


DX Heating Coils

,,DX Heating Coil Type,High Temperature Heating (net) Rating Capacity [W],Low Temperature Heating (net) Rating Capacity [W],HSPF [Btu/W-h],Region Number
,None,,,,,


Heating Coils

,,Type,Design Coil Load [W],Nominal Total Capacity [W],Nominal Efficiency [W/W]
,DOAS HEATING COIL,Coil:Heating:Water,389053.82,289666.26,-
Nominal values are gross at rated conditions, i.e., the supply air fan heat and electric power NOT accounted for.


Fans

,,Type,Total Efficiency [W/W],Delta Pressure [pa],Max Air Flow Rate [m3/s],Rated Electricity Rate [W],Rated Power Per Max Air Flow Rate [W-s/m3],Motor Heat In Air Fraction,Fan Energy Index,End Use Subcategory,Design Day Name for Fan Sizing Peak,Date/Time for Fan Sizing Peak
,DOAS SUPPLY FAN,Fan:VariableVolume,0.70,1000.00,18.03,25752.03,1428.57,1.00,1.30,General,ATLANTA-HARTSFIELD.JACKSON.INTL.AP_GA_USA ANN CLG .4% CONDNS DB=>MWB,7/21 15:53:00


Pumps

,,Type,Control,Head [pa],Water Flow [m3/s],Electricity Rate [W],Power Per Water Flow Rate [W-s/m3],Motor Efficiency [W/W],End Use Subcategory
,CHILLED WATER LOOP CHW SUPPLY PUMP,Pump:ConstantSpeed,Intermittent,179352.00,0.032227,8233.63,255487.18,0.90,General
,HOT WATER LOOP HW SUPPLY PUMP,Pump:ConstantSpeed,Intermittent,179352.00,0.019188,4902.22,255487.18,0.90,General
,CHILLED WATER LOOP CHW SUPPLY PUMP2,Pump:ConstantSpeed,Intermittent,179352.00,0.002400,613.17,255487.18,0.90,General


Service Water Heating

,,Type,Storage Volume [m3],Input [W],Thermal Efficiency [W/W],Recovery Efficiency [W/W],Energy Factor
,None,,,,,,


